Lehti;Number;Number_extra;Count;Year;Tekijä;Artikkeli;Aihe;Viitteet
Portti;4;;;1994;Salin, Petri;Liftarin jäljillä;;Adams, Douglas
Portti;1;;;1989;Revonsuo, Antti;Ajassa matkustamisen filosofiaa;Aikamatkat;
Portti;3;;;1983;Rosvall, Matti;Ajastaika ei ole paras opas aikamatkalle;Aikamatkat;
Portti;3;;;1988;Nyman, Jukka;Lino Aldani;;Aldani, Lino
Portti;1;;;2000;Nyman, Jukka;Donato Altomare: Insinöörin italofantasiaa;;Altomare, Donato
Portti;3;;;1992;Pilhjerta, Ritva-Liisa;Prydainin kronikka ja tekijä;;Alexander, Lloyd
Portti;1;;;2002;Nummelin, Juri;Piintynyt indeksoija Mike Ashley;;Ashley, Mike
Portti;3;;;2006;Käkelä, Jari;Asimovin Säätiö-trilogia & amerikkalainen ekspansionismi;;Asimov, Isaac
Portti;2;;;1992;Rosvall, Matti;"""Kelpo tohtori""";;Asimov, Isaac
Portti;1;;;1988;Rosvall, Matti;Hellraiser;;Barker, Clive
Portti;1;;;1986;Peltonen, Leena;Peter S. Beagle - omatekoinen ihmissusi ja fantasian jaskajokuset;;Beagle, Peter S.
Portti;2;;;2015;Iivonen, Jyrki;Edward Bellamy - Lähes unohdettu sosialismin klassikko    ;;Bellamy, Edward
Portti;1;;;2019;Iivonen, Jyrki;E.F. Benson - romaaneja ja kauhukertomuksia kirjoittanut brittiläinen herrasmies;;Benson, Edward Frederic
Portti;2;;;2018;Koponen, Jari;John Arnold Bergh - Vedenpaisumuksesta kommunistikaappaukseen;;Bergh, John Arnold
Portti;3;;;1992;Nikkonen, Raimo;Lloyd Alexander bibliografia;Bibliografia;Alexander, Lloyd
Portti;1;;;1986;Nikkonen, Raimo;Peter S. Beagle bibliografia;Bibliografia;Beagle, Peter S.
Portti;2;;;1989;Nikkonen, Raimo;Ray Bradbury bibliografia;Bibliografia;Bradbury, Ray
Portti;2;;;1991;Nikkonen, Raimo;Edgar Rice Burroughs bibliografia;Bibliografia;Burroughs, Edgar Rice
Portti;4;;;1993;Kuivakari, Seppo;William S. Burroughs bibliografia;Bibliografia;Burroughs, William S.
Portti;4;;;1990;Nikkonen, Raimo;Ramsey Campbell bibliografia;Bibliografia;Campbell, Ramsey
Portti;3;;;1982;Nikkonen, Raimo;Philip K. Dick bibliografia;Bibliografia;Dick, Philip K.
Portti;2;;;1993;Nikkonen, Raimo;Philip K. Dick bibliografia;Bibliografia;Dick, Philip K.
Portti;4;;;2015;Koponen, Jari;Hans Dominik bibliografia;Bibliografia;Dominik, Hans
Portti;1;;;1992;Nikkonen, Raimo;Arthur Conan Doyle bibliografia;Bibliografia;Doyle, Sir Arthur Conan
Portti;1;;;1984;Nikkonen, Raimo;Philip José Farmer bibliografia;Bibliografia;Farmer, Philip José
Portti;4;;;2014;Koponen, Jari;Øvre Richter Frich bibliografia;Bibliografia;Frich, Øvre Richter
Portti;2;;;1997;Nikkonen, Raimo;H. Rider Haggard bibliografia;Bibliografia;Haggard, H. Rider
Portti;2;;;1994;Hautala, Rick;Rick Hautala bibliografia;Bibliografia;Hautala, Rick
Portti;4;;;1991;Nikkonen, Raimo;Lafcadio Hearn bibliografia;Bibliografia;Hearn, (Patrick) Lafcadio (Tessima Carlos)
Portti;2;;;1988;Nikkonen, Raimo;Robert A. Heinlein bibliografia;Bibliografia;Heinlein, Robert A.
Portti;1;;;1990;Nikkonen, Raimo;Robert E. Howard bibliografia;Bibliografia;Howard, Robert E.
Portti;1;;;1991;Nikkonen, Raimo;Stephen King bibliografia;Bibliografia;King, Stephen
Portti;1;;;2001;Nikkonen, Raimo;Dean Koontz bibliografia;Bibliografia;Koontz, Dean R.
Portti;2;;;1982;Nikkonen, Raimo;R.A. Lafferty bibliografia;Bibliografia;Lafferty, R.A.
Portti;2;;;2000;Nikkonen, Raimo;Ursula K. Le Guin bibliografia;Bibliografia;Le Guin, Ursula K.
Portti;1;;;1983;Hinkkanen, Juhani;Fritz Leiber bibliografia;Bibliografia;Leiber, Fritz
Portti;3;;;1987;Nikkonen, Raimo;H.P. Lovecraft bibliografia;Bibliografia;Lovecraft, H(oward) P(hillips)
Portti;3;;;1988;Tiempo, Pekka;Flann O'Brien bibliografia;Bibliografia;O'Brien, Flann
Portti;4;;;1993;Nikkonen, Raimo;Emil Petaja bibliografia;Bibliografia;Petaja, Emil
Portti;3;;;1997;Nikkonen, Raimo;Ayn Rand bibliografia;Bibliografia;Rand, Ayn
Portti;4;;;1994;Nygren, Anneli;Anne Rice bibliografia;Bibliografia;Rice, Anne
Portti;1;;;1998;Nikkonen, Raimo;Sax Rohmer bibliografia;Bibliografia;Rohmer, Sax
Portti;2;;;1988;Nikkonen, Raimo;Clifford D. Simak bibliografia;Bibliografia;Simak, Clifford D.
Portti;1;;;1985;Nikkonen, Raimo;Cordwainer Smith bibliografia;Bibliografia;Smith, Cordwainer
Portti;2;;;1994;Nikkonen, Raimo;Star Trek bibliografia;Bibliografia, Star Trek;
Portti;4;;;1994;Lehto, Leevi;Peter Straub bibliografia;Bibliografia;Straub, Peter
Portti;3;;;1987;Nikkonen, Raimo;James Tiptree jr. bibliografia;Bibliografia;Tiptree, James, jr.
Portti;4;;;1985;Manninen, Pekka A.;Amos Tutuola bibliografia;Bibliografia;Tutuola, Amos
Portti;4;;;1998;Nikkonen, Raimo;Jack Vance bibliografia;Bibliografia;Vance, Jack
Portti;3;;;1982;Nikkonen, Raimo;Roger Zelazny bibliografia;Bibliografia;Zelazny, Roger
Portti;2;;;2010;Iivonen, Jyrki;Ambrose Bierce;;Bierce, Ambrose
Portti;1;;;1989;Iivonen, Jyrki;Dmitri Bilenkin;;Bilenkin, Dmitri
Portti;2;;;1992;Salin, Petri;Hajamietteitä Borgesin kaunokirjallisesta tuotannosta;;Borges, Jorge Luis
Portti;4;;;1985;Altmann, Johannes;Hieronymus Bosch: Helvettiä nykyihmiselle;Taide;
Portti;2;;;1989;Mustonen, Sirpa;Ray Bradbury - Mielikuvia kielikuvilla;;Bradbury, Ray
Portti;2;;;1998;Mänttäri, Tiina;Atlantiksesta Avaloniin - kelttien uskomuksia M.Z. Bradleyn silmin;;Bradley, Marion (Eleanor) Zimmer
Portti;3;;;2014;Iivonen, Jyrki;Valeri Brjusov - Venäläisen symbolismin isä;;Brjusov, Valeri
Portti;1;;;1991;Salin, Petri;A Clockwork Orange x 2;;Burgess, Anthony
Portti;2;;;1992;Leikola, Anto;Dejah Thorisin povi;;Burroughs, Edgar Rice
Portti;2;;;1991;Leppänen, Kari T.;Edgar Rice Burroughs - fantasian mestari;;Burroughs, Edgar Rice
Portti;2;;;1991;Leppänen, Kari T.;Maan uumenista avaruuden ääriin;;Burroughs, Edgar Rice
Portti;2;;;1991;Leppänen, Kari T.;"""Nostakaa Tarzan puuhun... filmaus alkaa""";Elokuvat;Burroughs, Edgar Rice
Portti;2;;;1991;Louekari, Väinö;Sodan kuva E.R. Burroughsin Mars-sarjassa;;Burroughs, Edgar Rice
Portti;2;;;1991;Leikola, Anto;Tarzanin biologiaa;;Burroughs, Edgar Rice
Portti;4;;;1993;Kuivakari, Seppo;William Seward Burroughs;;Burroughs, William S.
Portti;4;;;1992;de Anna, Luigi;Johdatus Dino Buzzatin tuotantoon;;Buzzati, Dino
Portti;1;;;1993;Salin, Petri;Lordit Byron ja Ruthven ja erään vampyyrin synty;Vampyyrit, Kauhu;Byron, Lordi George Gordon
Portti;4;;;1990;Sadelehto, Markku;Ramsey Campbell;;Campbell, Ramsey
Portti;2;;;1995;Nyman, Jukka;Luigi Capuana - kirjallisuustieteilijä ja tieteen kyseenalaistaja;;Capuana, Luigi
Portti;1;;;2002;Rosvall, Matti;Olkoon nimesi vaikka Liisalice;;Carroll, Lewis
Portti;1;;;1986;Harenko, Ari;Merta ja avaruutta Sri Lankassa;;Clarke, Arthur C.
Portti;3;;;1983;Savolainen, Matti;Atorox Suomen suvessa eli scifi-tapahtuma Orivedellä 4.-6.7.1983;Tapahtumat Suomessa;
Portti;2;;;1986;Manninen, Pekka A.;Finncon 86;Finncon, Conit Suomessa;
Portti;3;;;1992;Nikkonen, Raimo;Keskiyön Madon kävely Ikaalisissa;Tapahtumat Suomessa;
Portti;3;;;1982;Nikkonen, Raimo;King-Con;Conit Suomessa;
Portti;2;;;1985;Sinisalo, Johanna;Onko se lintu? Onko se lentokone? Ei, vaan II sarjakuvafestivaali - aiheena supersankarit!;Tapahtumat Suomessa, Sarjakuvat;
Portti;3;;;1985;Peltonen, Leena;Tamcon 19.-21.7.1985;Conit Suomessa;
Portti;3;;;2001;Widenius, Erkki;Yksi teema - monta näkökulmaa. Scifi-tutkijatapaaminen Jyväskylän Kesässä;Tapahtumat Suomessa;
Portti;4;;;1998;Tapio, Juha K.;Matkalla utopiaan;Tapahtumat ulkomailla;
Portti;3;;;1988;Savolainen, Matti;Raportti Lontoosta kesällä 1988;Matkat ulkomailla;
Portti;2;;;1984;Pietilä, Timo;Seacon 84;Conit ulkomailla, Eurocon;
Portti;4;;;1982;Peltonen, Leena;SweCon 82;Conit ulkomailla, Swecon;
Portti;3;;;2011;Iivonen, Jyrki;Englannin kielen puolalainen mestari Joseph Conrad;;Conrad, Joseph
Portti;2;;;2002;Iivonen, Jyrki;Ovid S. Crohmalniceanu ja romanialainen tieteiskirjallisuus;Romania;Crohmalniceanu, Ovid S.
Portti;1;;;1988;Nikkonen, Raimo;Kauhujen mies - Jason Dark alias Helmut Rellergerd;;Dark, Jason
Portti;3;;;1991;Salin, Petri;Cyrano de Bergerac;;de Bergerac, Cyrano
Portti;2;;;1998;Leikola, Anto;Cyranon toinen maailma;;de Bergerac, Cyrano
Portti;3;;;2013;Koponen, Jari;Historiallisen fantasian virtuoosi - keskustelu Aliette de Bodardin kanssa;;de Bodard, Aliette
Portti;4;;;2015;Iivonen, Jyrki;Guy de Maupassant - ranskalaisen novellin mestari;;de Maupassant, Guy
Portti;2;;;2019;Koponen, Jari;Mars-mania ja novellin mestari;;de Maupassant, Guy
Portti;4;;;1997;Kuitunen, Kalevi;Merirosvojen historia - Daniel Defoen naamioitu utopia;;Defoe, Daniel
Portti;1;;;1983;Rosvall, Matti;Elämää Kassiopeiassa v. 1854;;Defontenay, C.I.
Portti;4;;;1992;Salin, Petri;- Flow My Tears, sanoi Phil Dick;;Dick, Philip K.
Portti;3;;;2013;Widenius, Erkki;Kohti valoa ja musiikkia - Philip K. Dickin työ jäi kesken;;Dick, Philip K.
Portti;2;;;1993;Salin, Petri;Näkevätkö androidit unia Philip K. Dickistä?;;Dick, Philip K.
Portti;2;;;1993;Salin, Petri;Philip K. Dickin romaanit lyhyesti;;Dick, Philip K.
Portti;3;;;1982;Rosvall, Matti;Totiset todet ja todet harhat;;Dick, Philip K.
Portti;4;;;2015;Koponen, Jari;Uljas uusi teknomaailma;;Dominik, Hans
Portti;2;;;2013;Iivonen, Jyrki;Fjodor Dostojevski - Maailmankirjallisuuden nero;;Dostojevski, Fjodor
Portti;1;;;1994;Salin, Petri;Baker Streetin Messias;;Doyle, Sir Arthur Conan
Portti;1;;;1992;Salin, Petri;Professori Challenger;;Doyle, Sir Arthur Conan
Portti;1;;;1992;Salin, Petri;Sir Arthur ja Sherlock Holmesin pitkä varjo;;Doyle, Sir Arthur Conan
Portti;2;;;2010;Salin, Petri;Yksityisetsivästä supersankariksi;;Doyle, Sir Arthur Conan
Portti;1;;;2013;Koponen, Jari;Pyramidien varjosta;Egypti;
Portti;4;;;1996;Salin, Petri;12 apinamaista huomiota;Elokuvat;
Portti;1;;;2018;Soikkeli, M.G.;Aaverakastajat valkokankaalla;Elokuvat;
Portti;1;;;1993;Salin, Petri;Blade Runner - The Director's Cut;Elokuvat;
Portti;1;;;1999;Salin, Petri;Kubrickin keskeneräiset;Elokuvat, Stanley Kubrick;
Portti;3;;;2016;Bengtsson, Niklas;Kuulen ääniä päässäni - Erikoistehosteyhtiön näkökulmia kirjallisuuskongressissa;Elokuvat;
Portti;3;;;2015;Soikkeli, M.G.;Mitä tieteiselokuvasta kannattaa lukea;Elokuvat;
Portti;1;;;1991;Härkönen, Esa & Viljanen, Ari;Mitä videolain jälkeen?;Elokuvat;
Portti;1;;;1992;Hietaharju, Aki;Päivä Universal-filmistudiolla;Elokuvat, Matkat ulkomailla;
Portti;1;;;1995;Salin, Petri;Stargate;Elokuvat;
Portti;3;;;2007;Widenius, Erkki;Science fiction on henkinen herätyskello;;Engholm, Ahrvid
Portti;4;;;2016;Iivonen, Jyrki;George Allan England - Kirjailija ja tutkimusmatkailija;;England, George Allan
Portti;2;;;2016;Koponen, Jari;Kansanvalistajan tieteisuutelo;;Eurén, Gustaf Erik
Portti;3;;;2019;Kanervisto, Olavi;Milk Bay Con;Fandom;
Portti;4;;;2003;Sirkiä, Pekka;"""Onko Suomessa hyvän science fictionin harrastajia?""";Fandom;
Portti;3;;;2009;Hirsjärvi, Irma;Suomalainen proto-fandom 1950-luvulla - Ensimmäiset fanit;Fandom;
Portti;4;;;1992;Leikola, Anto;Aarnikotka eli griippi;Fantasia, Mytologia;
Portti;4;;;1996;Leikola, Anto;Basiliski, käärmeiden kuningas;Fantasia, Mytologia;
Portti;4;;;1984;Peltonen, Leena;Ellei lohikäärmettä olisi se täytyisi keksiä;Fantasia, Lohikäärmeet;
Portti;3;;;2017;Bengtsson, Niklas;Erotiikkaa ja seksiä Tuhannen ja yhden yön tarinoissa;Fantasia, sadut;
Portti;3;;;2017;Erkki, Harri;Fantasiaa, fantasiaa, fantasiaa - aito scifi jo alan marginaalia;Fantasia;
Portti;2;;;2006;Hirsjärvi, Irma;Fantasiaa lukemassa - vastaanottotutkimus suomalaisista nuorista lukemassa Ursula K. Le Guinin novellia Kerastaasi;Fantasia, tutkimus;
Portti;1;;;2006;Erkki, Harri;"Fantasiaa, ""fantasiaa"" ja spefinpehmeitä tarinoita";Fantasia;
Portti;4;;;1994;Leikola, Anto;Hirviöiden suku - Harpyijat, Kerberos, Khimaira ja Hydra;Fantasia, Mytologia;
Portti;1;;;2010;Hurtta, Boris;Kaapparin lokikirjasta: Kaappari antaa ja ottaa;Fantasia;
Portti;3;;;2010;Hurtta, Boris;Kaapparin lokikirjasta: Kaappari lapsenvahtina;Fantasia, Sadut;
Portti;2;;;2008;Hurtta, Boris;Kaapparin lokikirjasta: Pakanahistoriallista ajanvietettä - Toinen osa: Vainovalkeita ja viikinkejä;Fantasia;
Portti;3;;;2008;Hurtta, Boris;Kaapparin lokikirjasta: Pakanahistoriallista ajanvietettä - Kolmas osa: Kupittaan lähteeltä Viipurin pamaukseen;Fantasia;
Portti;4;;;2008;Hurtta, Boris;Kaapparin lokikirjasta: Pakanahistoriallista ajanvietettä - Neljäs osa: Perma - Suomen heimon Atlantis;Fantasia;
Portti;2;;;2013;Hurtta, Boris;"Kaapparin lokikirjasta: Seitsemän seikkailujen ""kirjaa""";Fantasia;
Portti;4;;;2012;Hurtta, Boris;Kaapparin lokikirjasta: Tosikot ja veitikat;Fantasia;
Portti;4;;;2011;Hurtta, Boris;Kaapparin lokikirjasta: Vieraita miehiä tulee taloon;Fantasia;
Portti;3;;;1992;Salin, Petri;"""Ken kaiken näki""";Fantasia;
Portti;2;;;1993;Leikola, Anto;"Kentaurit, antiikin ""hevosihmiset""";Fantasia, Mytologia;
Portti;4;;;2006;Leppälahti, Merja;Kotimaista Tuonelamatkailua;Fantasia;
Portti;2;;;1999;Leikola, Anto;Lohikäärme, tulta syöksevä lentomato;Fantasia, Lohikäärmeet;
Portti;3;;;2011;Lehtonen, Sanna;Lumooja, noita vai samaani? Pohjoisen etnisyyden kuvauksia englanninkielisessä lastenfantasiakirjallisuudessa;Fantasia;
Portti;4;;;1997;Leikola, Anto;Merikäärmeet ja järvihirviöt;Fantasia, Mytologia;
Portti;4;;;1995;Leikola, Anto;Minotaurus ja sfinksi;Fantasia, Mytologia;
Portti;4;;;2009;Erkki, Harri;Myytit ja tulkinnat: Ennen ja jälkeen vedenpaisumuksen;Fantasia;
Portti;2;;;1995;Leikola, Anto;Runoratsusta kuolemattomaan kauhuun;Fantasia;
Portti;2;;;1997;Leikola, Anto;Salamanteri, tulen tuttava;Fantasia;
Portti;4;;;1992;Leikola, Anto;Seireenien taru: syöjätärlinnuista pikku merenneidoksi;Fantasia, Mytologia;
Portti;2;;;2001;Mänttäri, Tiina;Taikuus, noituus ja magia - opetus New Yorkista Tylypahkaan;Fantasia;
Portti;2;;;1996;Leikola, Anto;Tuhkasta nouseva feeniks;Fantasia, Mytologia;
Portti;1;;;2006;Soikkeli, M.G.;Unohdetut jättiläiset;Fantasia;
Portti;2;;;1994;Leikola, Anto;Yksisarvinen - sarvekas taruhepo neidon sylissä;Fantasia, Mytologia;
Portti;2;;;1990;anonyymi;Philip José Farmer: Kultaisen kimalluksen jäljillä;;Farmer, Philip José
Portti;1;;;1984;Harenko, Ari;Philip José Farmer - universumien tekijä;;Farmer, Philip José
Portti;2;;;1992;Salin, Petri;Saanko kajota piilotajuntaanne;;Farmer, Philip José
Portti;3;;;2001;Murtosaari, Jukka;Virgil Finlay;Taide Kuvitus, Virgil Finlay;
Portti;3;;;2012;Iivonen, Jyrki;Fitzgerald - Amerikkalaisen modernismin suuri nimi;;Fitzgerald, Francis Scott
Portti;2;;;2000;Murtosaari, Jukka;Frank Frazetta;Taide, Kuvitus, Frank Frazetta;
Portti;4;;;2014;Koponen, Jari;Øvre Richter Frich - Ihmekeksintöjä ja inhoja roistoja;;Frich, Øvre Richter
Portti;3;;;1990;Salin, Petri;Aikamatkaajan paluu;;Friedell, Egon
Portti;2;;;2000;Mänttäri, Tiina;Enkeleitä ja pieniä erikoisuuksia;;Gaiman, Neil
Portti;3;;;1994;Salin, Petri;Terry Gilliamin lentävä sirkus;Elokuvat, Terry Gilliam;
Portti;1;;;2018;Iivonen, Jyrki;Grimmin veljekset - saksalaisten kansansatujen kokoajat;Sadut, Grimmin veljekset;
Portti;1;;;2013;Iivonen, Jyrki;Kadonneiden maailmojen kuvaaja;;Haggard, H. Rider
Portti;2;;;1997;Hurtta, Boris;Kuningas Haggardin aarteet;;Haggard, H. Rider
Portti;2;;;2015;Bengtsson, Niklas;Tieteisvisioilla maailmanmaineeseen - Simo Hannulan exllibrikset;Taide, Simo Hannula;
Portti;2;;;2004;Bengtsson, Niklas;Seppo Harjulehto - utopisti ja pitkän linjan puurtaja;;Harjulehto, Seppo
Portti;4;;;2016;Koponen, Jari;Filosofin uni;;Hartman, Gabriel Israel
Portti;2;;;2019;Iivonen, Jyrki;W.F. Harvey - brittiläisen kauhukirjallisuuden keskeisi…;;Harvey, W.F.
Portti;2;;;1994;Jalava, Markku;Rick Hautala - tuntematon kauhukirjailija;;Hautala, Rick
Portti;2;;;2012;Iivonen, Jyrki;Nathaniel Hawthorne - fantasian ja romantiikan mestari;;Hawthorne, Nathaniel
Portti;4;;;1991;Nyman, Jukka;Lafcadio Hearn;;Hearn, (Patrick) Lafcadio (Tessima Carlos)
Portti;4;;;2008;Kuusniemi, Tuomas;"""Kultainen polku"" - Frank Herbertin Dyyni-sarjan dynaaminen dystopia";;Herbert, Frank
Portti;2;;;1988;Mustonen, Sirpa;Robert A. Heinlein;;Heinlein, Robert A.
Portti;2;;;1995;Schönenbröcker, Michael;Wolfgang Hohlbein privaatissa;;Hohlbein, Wolfgang
Portti;1;;;1990;Sadelehto, Markku;Howard ja barbaari;;Howard, Robert E.
Portti;4;;;2014;Iivonen, Jyrki;Robert E. Howard - Toinen 1930-luvun kertojista;;Howard, Robert E.
Portti;3;;;2001;Whetton, Cris;In Memoriam;;Hoyle, Fred
Portti;3;;;2003;Hurtta, Boris;Mars-tähden kävijät ja muita kirjoja;;Hurtta, Boris
Portti;1;;;1989;anonyymi;Portinaukossa Boris Hurtta;;Hurtta, Boris
Portti;4;;;1991;Salin, Petri;Kolme askelta kohti uljaampaa uutta maailmaa;;Huxley, Aldous
Portti;1;;;1986;Peltonen, Leena;Hurjan inhimillinen peto;Ihmissudet;
Portti;4;;;2010;Hinkkanen, Juhani;In Memoriam;;Ijäs, Jyrki
Portti;1;;;2006;Leikola, Anto;Suomen ensimmäinen kauhuromaani ja sen tekijä;Kauhu, Suomi;Ingelius, Axel Gabriel
Portti;2;;;1993;Hurtta, Boris;A.E. Ingman - muistamisen arvoinen mielikuvittelija;;Ingman, A(lfred) E(mil)
Portti;1;;;2010;Iivonen, Jyrki;Washington Irving;;Irving, Washington
Portti;2;;;2014;Iivonen, Jyrki;W.W. Jacobs - Merimiesromantiikasta kauhukirjallisuuden klassikoksi;Kauhu;Jacobs, W.W.
Portti;3;;;2016;Iivonen, Jyrki;Impressionistisen kerronnan mestari;;James, Henry
Portti;3;;;2015;Iivonen, Jyrki;Kauhuromantiikkaa Cambridgen yliopistosta;;James, Montague Rhodes
Portti;3;;;2014;Nupponen, Anni;Muumilaaksosta Suomenlahdelle;;Jansson, Tove
Portti;3;;;1994;Sarmavuori, Katri;Ovatko muumit tieteiskirjallisuutta?;;Jansson, Tove
Portti;3;;;2012;Koponen, Jari;Ennen niskalaukausta;;Jasienski, Bruno
Portti;4;;;2019;Iivonen, Jyrki;Jerome K. Jerome - humoristi joka varoitti meitä roboteista;;Jerome, Jerome K.
Portti;2;;;1990;Rosvall, Matti;K.W. Jeter - mustien kuvien mies;;Jeter, K(evin) W(wayne)
Portti;1;;;1985;Nikkonen, Raimo;Kalevalan sankareita tieteis- ja fantasiakirjallisuudessa;Suomi, Kalevala;
Portti;4;;;1985;Tuohino, Jukka;Science fiction ja Kalevala;Science fiction, Suomi, Kalevala;
Portti;4;;;2010;Hurtta, Boris;Kaapparin lokikirjasta: Kapteeni Hell - Mies, joka tiesi;;
Portti;2;;;2003;Hurtta, Boris;Danse Macabre - Tulenkantajien kauhufantasiat;Kauhu, Suomi;
Portti;1;;;1995;Lehtisalo, Kaarina;Frankenstein kohtaa Frankensteinin;Kauhu;
Portti;2;;;1990;Hurtta, Boris;Horror-sarja;Kauhu;
Portti;3;;;2008;Kivinen, S(eppo Kalevi) Albert;Kauhun filosofiaa;Kauhu;
Portti;3;;;2008;Erkki, Harri;Uusi kauhu kasvaa ihmisestä;Kauhu;
Portti;1;;;1988;Uusitalo, Simo;Yöjuttu - ala-arvoista vai aliarvostettua kauhua?;Kauhu;
Portti;1;;;1995;Nikkonen, Raimo;Frankensteinteemaan liittyviä elokuvia;Elokuvat, Kauhuelokuvat;
Portti;4;;;1995;Tuhkanen, Juho-Antti;Gotiikkaa, gialloja, gorea ja kannibaaleja;Elokuvat, Kauhuelokuvat;
Portti;3;;;1993;Sadelehto, Markku;Jess Franco ja elokuvan syvin olemus;Elokuvat, Kauhuelokuvat;
Portti;1;;;1989;Sadelehto, Markku;Romeron ratkaisut;Elokuvat, Kauhuelokuvat;
Portti;2;;;1989;Sadelehto, Markku;Romeron ratkaisut II;Elokuvat, Kauhuelokuvat;
Portti;3;;;1989;Sadelehto, Markku;Romeron ratkaisut: Jälkikirjoitus;Elokuvat, Kauhuelokuvat;
Portti;4;;;1988;Sadelehto, Markku;Splatterpunk ja Gordonin solmut eli Lovecraftia elvyttämässä;Elokuvat, Kauhuelokuvat;
Portti;4;;;2012;Koponen, Jari;Kun sf Kiinaan tuli;Science fiction, Kiina;
Portti;1;;;1991;Rosvall, Matti;Kuningas ja minä;;King, Stephen
Portti;1;;;1991;Sadelehto, Markku;Stephen King;;King, Stephen
Portti;1;;;2012;Iivonen, Jyrki;Intian ääni Rudyard Kipling;;Kipling, Rudyard
Portti;3;;;2005;Lipponen, Hannu;"Kosmisen sarjakuvan kuningas - Jack ""King"" Kirby";Sarjakuvat, Jack Kirby;
Portti;1;;;2004;Peltoniemi, Sari;Darlingien hautausmaa;Kirjoittaminen;
Portti;2;;;1986;Priest, Christopher;Kuinka science fiction-kirjailija tapetaan;Kirjoittaminen;
Portti;2;;;2003;Sinisalo, Johanna;Mistä kirjailija ei saa aiheitaan;Kirjoittaminen;
Portti;3;;;1985;Rekunen, Veikko;Tieteiskirjallisuuden kirjoittamisesta;Kirjoittaminen;
Portti;2;;;2007;Hurtta, Boris;Kaapparin lokikirjasta: Kosti Koskinen murtaa ajan kahleet;;Koskinen, Kosti
Portti;3;;;2004;Murtosaari, Jukka;Roy G. Krenkel;Taide, Kuvitus, Roy G. Krenkel;
Portti;3;;;2007;Bengtsson, Niklas;Leena Krohn lasten- ja nuortenkirjailijana;;Krohn, Leena
Portti;1;;;1989;Rantalaiho, Liisa;Björn Kurten;;Kurten, Björn
Portti;2;;;2007;Erkki, Harri;Viimeiset merkinnät Lokikirjaan?;Kustantaminen, Loki-kirjat, Niko Aula;
Portti;2;;;2009;Ylimartimo, Sisko;Manalan barbisulottaria ja rastatukkainen Väinämöinen - Fantasiakuvittajat kansalliseepoksen kuvamaailmassa;Taide, Kuvitus, Kalevala;
Portti;2;;;2011;Bengtsson, Niklas;Muutoksia maailmalla - Pikku prinssin kansi ja kuvitus;Taide, Kuvitus;
Portti;2;;;2017;Iivonen, Jyrki;Kurd Lasswitz - Saksankielisen tieteiskirjallisuuden isä;;Lasswitz, Kurd
Portti;2;;;1998;Kuortti, Joel;Myytti on niin kuin se luetaan: Ursula Le Guinin Jotka Omelasista poistuvat;;Le Guin, Ursula K.
Portti;1;;;2009;Iivonen, Jyrki;Retkiä Ursula K. Le Guinin maailmaan;;Le Guin, Ursula K.
Portti;3;;;1992;Hirsjärvi, Irma;Ursula K. Le Guin ja anarkismi;;Le Guin, Ursula K.
Portti;1;;;2007;Hurtta, Boris;Kaapparin lokikirjasta: Konrad Lehtimäki - voimamies;;Lehtimäki, Konrad
Portti;1;;;2017;Rosvall, Matti;In Memoriam;;Lehtinen, Seppo
Portti;3;;;1992;Rosvall, Matti;Fritz Leiber;;Leiber, Fritz
Portti;1;;;1983;Hinkkanen, Juhani;Fritz Leiber - tuntematon mestari;;Leiber, Fritz
Portti;2;;;2016;Leinonen, Anne;Kansanperinteestä utopioihin - Myytit ja kansanperinne utopioiden polttoaineena;;Leinonen, Anne
Portti;3;;;1990;Dushenko;"""Mitä huonompi kirja on, sitä enemmän sen pitäisi maksaa"" - Keskustelu Stanislaw Lemin kanssa";;
Portti;2;;;2013;Nikkonen, Raimo;Kari T. Leppäsen tekemiä kansikuvia;Taide, Kuvitus;Leppänen, Kari
Portti;2;;;2013;Murtosaari, Jukka;KTL - Kari T. Leppänen;Taide, Kuvitus;Leppänen, Kari
Portti;3;;;2013;Koponen, Jari;Liekin lepatuksia;;Liekki, Eino
Portti;1;;;1990;Beresnevicius, Gedimidas;Science fiction Liettuassa;Science fiction, Liettua;
Portti;1;;;2011;Iivonen, Jyrki;Jack Londonin elämä ja tuotanto;;London, Jack
Portti;2;;;1997;Airaksinen, Timo;Filosofiaa H.P. Lovecraftin novelleissa Väri avaruudesta ja Cthulhun kutsu;Kauhu;Lovecraft, H(oward) P(hillips)
Portti;3;;;1987;Kivinen, S(eppo Kalevi) Albert;H.P. Lovecraft ja Cthulhun tarusto;Kauhu;Lovecraft, H(oward) P(hillips)
Portti;3;;;1987;Nikkonen, Raimo;Marc Michaud, Necronomicon Press ja H.P.Lovecraft;Kustantaminen;Lovecraft, H(oward) P(hillips)
Portti;4;;;2004;Hurtta, Boris;Arvid Lydecken, Satumaan suurlähettiläs;Sadut;Lydecken, Arvid
Portti;2;;;1998;Hurtta, Boris;Monena mies tekiessään;;Markkula, Pekka
Portti;4;;;1985;Kalenius, Veli;Vaihtoehto-Runeberg asialla?;;Martin, George R.R.
Portti;1;;;2014;Iivonen, Jyrki;A. Merritt - 1930-luvun tieteiskertomusten mestari;;Merritt, Abraham
Portti;4;;;2007;Soikkonen, Leila;Erilaisuus, yksinäisyys ja voima - naishahmot ja toiseus C.L. Mooren novelleissa;;Moore, C.L.
Portti;3;;;2016;Jalava, Markku;In memoriam;;Murtosaari, Jukka
Portti;1;;;1997;Salin, Petri;Also Sprach Hollywood;Musiikki;
Portti;4;;;1987;Altmann, Johannes;Franz Schubert ja kaksoisolennon historia;Musiikki;
Portti;2;;;1986;Altmann, Johannes;Hector Berlioz: Rakkaus-kosto-mestariteos;Musiikki;
Portti;4;;;2005;Mänttäri, Tiina;Hector ja leijona - Yhteiskuntakriitikon fantastiset polut;Musiikki;
Portti;1;;;2014;Erkki, Harri;"Maailman ainoa ""esoteerinen ooppera"" selittää maailmansyntyä - Dzyanin kirja";Musiikki, Matti Rag Paananen;
Portti;4;;;1988;Altmann, Johannes;Mahlerin ja Silverbergin filosofisesta yhtenevyydestä;Musiikki;
Portti;4;;;2008;Leppänen, Erkka;Science fiction suomirockissa;Musiikki;
Portti;2;;;1994;Mononen, Timo;S.P.O.C.K.;Musiikki;
Portti;2;;;2009;Erkki, Harri;Suomen ensimmäinen scifiproge vuodelta 1974: Andien Metallikirjasto avaruuteen 1925, Matti Rag Paananen sävelsi matkaraportin;Musiikki, Matti Rag Paananen;
Portti;1;;;2003;Nyman, Jukka;Bertil Mårtenson: ympäristöstä illusiottomuuteen;;Mårtenson, Bertil
Portti;3;;;2007;Erkki, Harri;J. Pekka Mäkelä kirjoittaa tavallisen ihmisen scifiä;;Mäkelä, J. Pekka
Portti;1;;;1987;Barr, Marleen;Feministinen fabulointi;Naiskirjailijat, Feminismi;
Portti;1;;;1994;Mänttäri, Tiina;Kun hyvin pienet olennot kirjoittavat kirjoja...;Naiskirjailijat, Feminismi;
Portti;3;;;1985;Sinisalo, Johanna;Nainen science fictionin maailmassa;Naiskirjailijat, Feminismi;
Portti;2;;;1986;Barr, Marleen;Roolimuunnelmia sukupuolten sodankäynnissä;Naiskirjailijat, Feminismi;
Portti;1;;;1989;Rosvall, Matti;Hämärän mies astuu esiin;;Nenonen, Kari
Portti;4;;;2006;Hurtta, Boris;Mister Kauhu on lähtenyt;;Nenonen, Kari
Portti;1;;;1998;Nyman, Jukka;Peter Nilson in memoriam;;Nilson, Peter
Portti;3;;;1995;Saviniemi, Kari;Seikkailuja, salanimiä, science fictionia;;Nuorvala, Kaarlo
Portti;4;;;2013;Iivonen, Jyrki;Fitz-James O'Brienin irlantilais-amerikkalaista kauhua;;O'Brien, Fitz-James
Portti;3;;;1988;Tiempo, Pekka;Flann O'Brien - tervettä hulluutta vihreältä saarelta;;O'Brien, Flann
Portti;2;;;2012;Koponen, Jari;Odoevski - fantasti edellä aikaansa;;Odoevski, Vladimir
Portti;2;;;1998;Sarmavuori, Katri;Muupallon heijastukset Maapalloon - Arto Paasilinnan tiedefantasiat ja maailmanlopun ennustukset;;Paasilinna, Arto
Portti;1;;;2008;Hurtta, Boris;Kaapparin lokikirjasta: Pakanahistoriallista ajanvietettä - Ensimmäinen osa: Kivikauden poika kaikki temput ties;Paleofiktio;
Portti;4;;;2011;Soikkeli, M.G.;Paleofiktio ja sen suhde tieteiskirjallisuuteen;Paleofiktio;
Portti;2;;;2009;Pietilä, Timo;Ajatuksia vuoden 2009 Hugo-ehdokkaista;Palkinnot, Hugo-palkinnot;
Portti;3;;;2010;Pietilä, Timo;Ajatuksia vuoden 2010 Hugo-ehdokkaista;Palkinnot, Hugo-palkinnot;
Portti;3;;;2012;Pietilä, Timo;Ajatuksia vuoden 2012 Hugo-ehdokkaista;Palkinnot, Hugo-palkinnot;
Portti;3;;;2013;Pietilä, Timo;Ajatuksia vuoden 2013 Hugo-ehdokkaista;Palkinnot, Hugo-palkinnot;
Portti;3;;;2014;Pietilä, Timo;Ajatuksia vuoden 2014 Hugo-ehdokkaista;Palkinnot, Hugo-palkinnot;
Portti;3;;;2015;Pietilä, Timo;Ajatuksia vuoden 2015 Hugo-ehdokkaista;Palkinnot, Hugo-palkinnot;
Portti;3;;;2016;Pietilä, Timo;Ajatuksia vuoden 2016 Hugo-ehdokkaista;Palkinnot, Hugo-palkinnot;
Portti;3;;;2017;Pietilä, Timo;Ajatuksia vuoden 2017 Hugo-ehdokkaista;Palkinnot, Hugo-palkinnot;
Portti;3;;;2018;Pietilä, Timo;Ajatuksia vuoden 2018 Hugo-ehdokkaista;Palkinnot, Hugo-palkinnot;
Portti;3;;;2019;Pietilä, Timo;Ajatuksia vuoden 2019 Hugo-ehdokkaista;Palkinnot, Hugo-palkinnot;
Portti;1;;;1983;Nikkonen, Raimo;Hugo-palkintojen historiaa;Palkinnot, Hugo-palkinnot;
Portti;3;;;1983;Nikkonen, Raimo;Nebula-palkintojen historiaa;Palkinnot, Nebula-palkinnot;
Portti;3;;;1989;Kazantsev, Sergei;Neuvostoliittolaisen tieteiskirjallisuuden palkintoja;Palkinnot, Neuvostoliitto, Venäjä;
Portti;4;;;2002;Eskola, Kanerva & Mäyrä, Frans & Nikkonen, Raimo;Novellikilpailu 2002;Palkinnot, Portin novellikilpailu;
Portti;4;;;2003;Eskola, Kanerva & Mäyrä, Frans & Nikkonen, Raimo;Novellikilpailu 2003;Palkinnot, Portin novellikilpailu;
Portti;4;;;2004;Eskola, Kanerva & Mäyrä, Frans & Nikkonen, Raimo;Novellikilpailu 2004;Palkinnot, Portin novellikilpailu;
Portti;4;;;2007;Eskola, Kanerva & Mäyrä, Frans & Nikkonen, Raimo;Novellikilpailu 2007;Palkinnot, Portin novellikilpailu;
Portti;4;;;2012;Eskola, Kanerva & Nikkonen, Raimo & Rantalaiho, Liisa;Novellikilpailu 2012;Palkinnot, Portin novellikilpailu;
Portti;4;;;2013;Eskola, Kanerva & Mäyrä, Frans & Nikkonen, Raimo;Novellikilpailu 2013;Palkinnot, Portin novellikilpailu;
Portti;4;;;2014;Rantalaiho, Liisa;Novellikilpailu 2014;Palkinnot, Portin novellikilpailu;
Portti;4;;;2001;Heino, Aarre;Novelliseikkailu 2001;Palkinnot, Portin novellikilpailu;
Portti;4;;;1999;Heino, Aarre;Portin Millennium-novellit 1999;Palkinnot, Portin novellikilpailu;
Portti;4;;;2008;Eskola, Kanerva & Mäyrä, Frans & Nikkonen, Raimo;Tieteis- ja fantasianovellien kirjoituskilpailu 2008:n tulokset;Palkinnot, Portin novellikilpailu;
Portti;4;;;2009;Eskola, Kanerva & Mäyrä, Frans & Nikkonen, Raimo;Tieteis- ja fantasianovellien kirjoituskilpailu 2009:n tulokset;Palkinnot, Portin novellikilpailu;
Portti;4;;;2015;Rantalaiho, Leppänen, Nikkonen;Tieteis- ja fantasianovellien kirjoituskilpailu 2015:n tulokset;Palkinnot, Portin novellikilpailu;
Portti;4;;;2016;Rantalaiho, Leppänen, Nikkonen;Tieteis- ja fantasianovellien kirjoituskilpailu 2016:n tulokset;Palkinnot, Portin novellikilpailu;
Portti;4;;;2017;Rantalaiho, Leppänen, Nikkonen;Tieteis- ja fantasianovellien kirjoituskilpailu 2017:n tulokset;Palkinnot, Portin novellikilpailu;
Portti;4;;;2018;Rantalaiho, Leppänen, Nikkonen;Tieteis- ja fantasianovellien kirjoituskilpailu 2018:n tulokset;Palkinnot, Portin novellikilpailu;
Portti;4;;;2019;Rantalaiho, Leppänen, Nikkonen;Tieteis- ja fantasianovellien kirjoituskilpailu 2019:n tulokset;Palkinnot, Portin novellikilpailu;
Portti;4;;;1996;Jalava, Markku;Scifiä Lapista - Jukka Parkkisen visioita;;Parkkinen, Jukka
Portti;3;;;2007;Hirsjärvi, Irma;In memoriam Leena Peltonen 1951-2007;;Peltonen, Leena
Portti;4;;;1993;Petaja, Emil;Emil Petaja kertoo;;Petaja, Emil
Portti;4;;;1994;Nyman, Jukka;Luigi Pirandello: muunneltua totuutta vai totuuden muunnelmia?;;Pirandello, Luigi
Portti;3;;;2013;Leikola, Anto;Edgar Allan Poe ja Maelström;;Poe, Edgar Allan
Portti;3;;;2013;Haarikko, Harri;Edgar Allan Poe - runoilijan muotokuva;;Poe, Edgar Allan
Portti;3;;;2009;Hurtta, Boris;Kaapparin lokikirjasta: Meänkielen myrrysmies;;Pohjanen, Bengt
Portti;4;;;2007;Hurtta, Boris;Kaapparin lokikirjasta: Liian lahjakas kirjailija?;;Pohjanpää, Arvi
Portti;4;;;1989;anonyymi;Frederik Pohl: Optimisti;;Pohl, Frederik
Portti;4;;;2017;Iivonen, Jyrki;Frank L. Pollack - Tuntemattomaksi jäänyt tarinoiden kertoja;;Pollack, Frank L.
Portti;2;;;1999;Murtosaari, Jukka;Richard Powers;Taide, Kuvitus;
Portti;3;;;1993;Nyman, Jukka;Autopainajaisia ja surumielisiä visioita;;Prosperi, Pierfrancesco
Portti;4;;;1996;Hotakainen, Markus;Philip Pullman, tarinankertoja;;Pullman, Philip
Portti;3;;;1986;Koskinen, Ari P.;Tarinaa tieteiskuunnelmista;Radio, Kuunnelmat;
Portti;2;;;2017;Koponen, Jari;Kotimainen fantasiamatka 1700-luvulta;;Radloff, Fredrik Wilhelm
Portti;4;;;2009;Hurtta, Boris;Kaapparin lokikirjasta: Haamulinnan herra;;Railo, Eino
Portti;3;;;1997;Iivonen, Jyrki;Ayn Rand: Katsaus elämään ja tuotantoon;;Rand, Ayn
Portti;3;;;2004;Erkki, Harri;Rikos ja ristiinnaulittu - Alastair Reynolds etsii armoa avaruusoopperan näyttämöllä;;Reynolds, Alastair
Portti;4;;;1994;Nygren, Anneli;Suuren tarinan jälkeen;;Rice, Anne
Portti;1;;;1998;Hurtta, Boris;Keltaisten varjojen aika;;Rohmer, Sax
Portti;3;;;2011;Koponen, Jari;Romanialainen rapsodia;Romania;
Portti;1;;;1982;Kankaanpää, Jaakko;Dungeons and Dragons eli lyhyt johdatus fantasiapelien todellisuuteen;Pelit, Roolipelit;
Portti;3;;;2015;Soikkeli, M.G.;Jerry Määttä tuntee ruotsalaisen scifin juuret;Ruotsi;
Portti;3;;;2015;Soikkeli, M.G.;Ruotsalaisen scifin kuumat nuoruusvuodet;Ruotsi;
Portti;2;;;1987;Engholm, Ahrvid;Science fiction Ruotsissa 1986;Ruotsi;
Portti;2;;;1995;Tuhkanen, Juho-Antti;Ikuisuuden kultakentillä;;Sadelehto, Markku
Portti;1;;;2015;Tuhkanen, Juho-Antti;Maailmanloppua odotellessa - Markku Sadelehto palaa estradille;;Sadelehto, Markku
Portti;4;;;1989;anonyymi;Portinaukossa Markku Sadelehto;;Sadelehto, Markku
Portti;1;;;2010;Bengtsson, Niklas;Pirusatujen perinne ja Lilli Porthan;Sadut;
Portti;1;;;1997;Salin, Petri;Carl Sagan: In Memorian 1934-1996;;Sagan, Carl
Portti;1;;;1996;Pozzo, Felice;Emilio Salgarin suomalaiset insinöörit;;Salgari, Emilio
Portti;4;;;2011;Kontturi, Katja;"Aku, Arthur ja aikakone - Arthur-myytti Don Rosan sarjakuvassa ""The Once and Future Duck""";Sarjakuvat;
Portti;4;;;2013;Kontturi, Katja;"""Arpin Luséne - todellinen mez-tahri-vahraz!"" - Musta ritari vastavoimana Don Rosan Disney-sarjakuvissa";Sarjakuvat;
Portti;2;;;1990;Haaramo, Mikko;Quo vadis, Elfquest;Sarjakuvat;
Portti;2;;;1984;Manninen, Pekka A.;Science fiction -sarjakuvien uusi aalto;Sarjakuvat;
Portti;2;;;1993;Mustonen, Tero;Sweet Dreams, Sandman!;Sarjakuvat;Gaiman, Neil
Portti;3;;;2016;Jalava, Markku;"Veikko ""Joonas"" Savolainen (1929-2016) In memoriam";Sarjakuvat;
Portti;2;;;2012;Rantalaiho, Liisa & Soikkeli, M.G.;Matti Savolainen muistoissamme;;Savolainen, Matti
Portti;4;;;2008;Pietilä, Timo;Ajatuksia vuoden 2008 Hugo-ehdokkaista;Science Fiction, Hugo-palkinnot;
Portti;3;;;2011;Pietilä, Timo;Ajatuksia vuoden 2011 Hugo-ehdokkaista;Science Fiction, Hugo-palkinnot;
Portti;2;;;2002;Erkki, Harri;Arkkitehtuuria ja Maan siirtoa - science fiction, rakentavasti;Science Fiction;
Portti;1;;;2003;Erkki, Harri;Avara maailmankuva aidosta kirjallisuudesta;Science Fiction;
Portti;1;;;2003;Soikkeli, M.G.;Avaruudessa kukaan ei kuule nauruasi;Science Fiction;
Portti;1;;;2011;Hurtta, Boris;Kaapparin lokirjasta: Bonk - mielikuvituksen Nokia - ynnä muuta tietokirjallisuutta;Science Fiction;
Portti;4;;;1999;Soikkeli, M.G.;DNA korvaa sielun;Science Fiction;
Portti;1;;;2004;Rantalaiho, Liisa;Ei-elollisen esineen, asian tai instanssin kuolema?;Science Fiction;
Portti;1;;;1987;Markkula, Pekka;Elämästä, maailmankaikkeudesta ja kaikesta muusta sellaisesta;Science Fiction;
Portti;3;;;1989;Disch, Thomas M.;Epämukavat muukalaisemme;Science Fiction;
Portti;1;;;1995;Salin, Petri;Fantasiaa, rakas Watson?;Science Fiction;
Portti;3;;;1989;Kivinen, S(eppo Kalevi) Albert;Filosofian ja scifin rajamailla;Science Fiction;
Portti;3;;;2016;Erkki, Harri;Galaktinen gourmet-ongelma - mitä ruokalistalla tänään?;Science Fiction;
Portti;1;;;1998;Tuhkanen, Juho-Antti;Genreluennan alkemiaa;Science Fiction;
Portti;4;;;1995;Nikkonen, Raimo;Grolier Science Fiction: The Multimedia Encyclopedia of Science Fiction;Science Fiction;
Portti;3;;;1998;Lamberg, Marko;Ihmemyllyjä, mekaanisia ihmisiä ja tehdasproletaareja;Science Fiction;
Portti;1;;;2002;Widenius, Erkki;Ihmisyyden kielioppia etsimässä;Science Fiction;
Portti;4;;;1988;Nygren, Anneli;Itseensä viittaava avaruus;Science Fiction;
Portti;4;;;1998;Iivonen, Jyrki;Kaikkien aikojen scifi-teokset;Science Fiction;
Portti;4;;;1985;Hirsjärvi, Irma;Kasvatus, koulutus ja tieteiskirjallisuus;Science Fiction;
Portti;2;;;2015;Erkki, Harri;Kehitys, kehitysoppi, scifi ja kirjallisuuden evoluutio;Science Fiction;
Portti;4;;;1982;Savolainen, Matti;Kielitieteestä ja tieteiskirjallisuudesta;Science Fiction;
Portti;4;;;2003;Soikkeli, M.G.;Konerakastajan ja geenisodan kuvitelmia barokista kyberpornoon;Science Fiction;
Portti;2;;;2019;Soikkeli, M.G.;Kuu tieteiskuvitelmissa ennen ja jälkeen ensimmäisten k;Science Fiction;
Portti;2;;;1984;Pietilä, Timo;Lääketiede ja science fiction;Science Fiction;
Portti;4;;;1999;Soikkeli, M.G.;Maailmanloppu tieteiskirjojen tehokeinona;Science Fiction;
Portti;2;;;2005;Soikkeli, M.G.;Mielen manipulaatioita ja matkoja sisäavaruuteen;Science Fiction;
Portti;3;;;2004;Widenius, Erkki;Museo Seattlen avaruusneulan juurella;Science Fiction;
Portti;1;;;2008;Väätänen, Päivi;Musta muukalainen - afroamerikkalainen tieteiskirjallisuus;Science Fiction;
Portti;2;;;2018;Erkki, Harri;Para, golem, robotti - mutta kuka pelastaisi ihmisen?;Science Fiction;
Portti;2;;;2001;Salin, Petri;Perimmäisten kysymysten äärellä;Science Fiction;
Portti;3;;;2003;Erkki, Harri;Pinnan alla;Science Fiction;
Portti;2;;;2004;Erkki, Harri;Pääosassa ihminen;Science Fiction;
Portti;2;;;1987;Revonsuo, Antti;Science fiction ja filosofia;Science Fiction;
Portti;4;;;2005;Soikkeli, M.G.;Scifi, uskonto ja aikamatkat;Science Fiction;
Portti;2;;;2010;Soikkeli, M.G.;Scifin historia on hullun tiedemiehen historiaa;Science Fiction;
Portti;4;;;1986;Särkijärvi, Jouni J.;SF ja politiikka - luovuuden temmellyskentät;Science Fiction;
Portti;3;;;1986;Manninen, Pekka A.;Sädepistoolin puolustus: Science fictionin olemuksesta;Science Fiction;
Portti;2;;;2011;Erkki, Harri;Talous ja taloustiede - musta aukko scifimaailmassa;Science Fiction;
Portti;3;;;1985;Savolainen, Matti;Tieteen tekemisen etiikasta tieteiskirjallisuudesta;Science Fiction;
Portti;4;;;2019;Erkki, Harri;Tietoisuus, tekoäly ja science fiction;Science Fiction;
Portti;1;;;1983;Nikkonen, Raimo;Toiset maat - rinnakkaismaailmat;Science Fiction;
Portti;2;;;1983;Nikkonen, Raimo;Toiset maat - vaihtoehtomaailmat;Science Fiction;
Portti;2;;;2017;Erkki, Harri;Uskonnolliset myyttiainekset fantasian ja scifin idealähteinä;Science Fiction;
Portti;2;;;1988;Nyman, Jukka;Uskonto-aiheen esiintyminen science fictionissa;Science Fiction;
Portti;3;;;2019;Wrigley, Sylvia;Vanhat naiset tieteiskirjallisuudessa;Science Fiction;
Portti;1;;;2004;Sirkiä, Pekka;"""Ystäväni science fiction""";Science Fiction;
Portti;3;;;1998;Kivinen, S(eppo Kalevi) Albert;Eskatologisia ennakointeja;Sekalaista;
Portti;2;;;2012;Bengtsson, Niklas;Exlibriksiä genrekirjallisuuden ystäville;Sekalaista, taide;
Portti;2;;;2000;Leikola, Anto;Floreanan mysteeri;Sekalaista;
Portti;4;;;2000;Kivinen, S(eppo Kalevi) Albert;Historiallisia mysteerejä: kreivi de Saint-Germain;Sekalaista;
Portti;4;;;2001;Kivinen, S(eppo Kalevi) Albert;Historiallisia mysteerejä: kreivi de Saint-Germain II;Sekalaista;
Portti;3;;;2002;Kivinen, S(eppo Kalevi) Albert;Historiallisia mysteerejä: kreivi de Saint-Germain III;Sekalaista;
Portti;2;;;2005;Kivinen, S(eppo Kalevi) Albert;Historiallisia mysteerejä 2: Rennes-le-Chateaun arvoitus;Sekalaista;
Portti;4;;;2017;Jalava, Markku;In memoriam Simo Sjöblom (1959-2017);Sekalaista;
Portti;1;;;2012;Hurtta, Boris;Kaapparin lokikirjasta: Jälki-Sinuhet;Sekalaista;
Portti;3;;;2012;Hurtta, Boris;Kaapparin lokikirjasta: Kaapparin kova kaksikko - Kuvalehden Kertomisto ja Kosti Koskinen;Sekalaista;
Portti;2;;;2011;Hurtta, Boris;Kaapparin lokikirjasta: Mystiikan maailma;Sekalaista;
Portti;2;;;2012;Hurtta, Boris;Kaapparin lokikirjasta: Mätäkuun juttua;Sekalaista;
Portti;3;;;2007;Hurtta, Boris;Kaapparin lokikirjasta: On meillä aarre verraton;Sekalaista;
Portti;1;;;2009;Hurtta, Boris;Kaapparin lokikirjasta: Umpimähkään - Osku Velhon kohtalon laulu;Sekalaista;
Portti;4;;;1997;Iivonen, Jyrki;Lentävät lautaset Roswellin yllä;Sekalaista;
Portti;4;;;1997;Lusa, Teijo-Kalevi;Viimeinen ihminen Kuussa;Sekalaista;
Portti;4;;;1995;Kaukoniemi, Juha;Visions of Mars;Sekalaista;
Portti;3;;;1991;Salin, Petri;Bernard Shaw ja pitkäikäisyyden teatteri;;Shaw, Bernard
Portti;4;;;1990;anonyymi;Kutsukaa minua tieteiskirjailijaksi;;Silverberg, Robert
Portti;2;;;1988;Rosvall, Matti;Clifford D. Simak;;Simak, Clifford D.
Portti;3;;;1990;Rosvall, Matti;Dan Simmons - kauhun ja scifin uusi mestari;;Simmons, Dan
Portti;2;;;2018;Iivonen, Jyrki;May Sinclair - äänioikeustaistelija ja romanttisten kauhukertomusten kirjoittaja;Naiskirjailijat, Feminismi;Sinclair, May
Portti;4;;;2000;Mäyrä, Frans;Peikkojen päivännousu;;Sinisalo, Johanna
Portti;2;;;2009;Hurtta, Boris;Kaapparin lokikirjasta - Ennen Potteria;;Sleigh, Barbara
Portti;1;;;1985;Rosvall, Matti;Cordwainer Smith - ihmistaidon mestari;;Smith, Cordwainer
Portti;1;;;2008;Bengtsson, Niklas;Laura Soinne - kauhusatujen klassikko;Sadut;Soinne, Laura
Portti;3;;;1995;Nyman, Jukka;Mario Soldati - fantastisia avio-ongelmia;;Soldati, Mario
Portti;1;;;2016;Iivonen, Jyrki;Kumouksellinen vaan ei vallankumouksellinen;;Sologub, Fjodor Kuzmitsh
Portti;2;;;1994;Teittinen, Petri;Deep Space Nine: mennä rohkeasti jonnekin - pysymällä paikallaan avaruudessa;Televisio, Star Trek;
Portti;1;;;1995;Kaukoniemi, Juha;Interactive Technical Manual U.S.S. Enterprise NCC-1701-D;Televisio, Star Trek;
Portti;2;;;1994;Mänttäri, Tiina;Rakas trekkini, siis uusi sukupolvi;Televisio, Star Trek;
Portti;1;;;1988;Mahnala, Marko;Star Trek - Elä pitkään ja kukoista;Televisio, Star Trek;
Portti;4;;;1995;Kaukoniemi, Juha;Star Trek Omnipedia;Televisio, Star Trek;
Portti;2;;;1994;Leveelahti, Jukka;Star Trek: The Next Generation;Televisio, Star Trek;
Portti;2;;;1999;Iivonen, Jyrki;Star Wars Episode 1 - The Phantom Menace;Elokuvat, Star Wars;
Portti;4;;;1994;Lehto, Leevi;Peter Straub ja valon pimeys;;Straub, Peter
Portti;1;;;2015;Heimo, Anne & Koponen, Jari;Ilmapallomatka Marsiin vuodelta 1902;Suomi, Science fiction;
Portti;4;;;2002;Soikkeli, M.G.;Lentävä lautanen humanistin haavissa eli tieteisfiktion suomalaisuus ja universaalius;Suomi, Science fiction;
Portti;1;;;2012;Koponen, Jari;Raja Uraliin! Kirjallisuutemme Suur-Suomi -kuvitelmia;Suomi, Science fiction;
Portti;1;;;2011;Koponen, Jari;SF-leikekirjasta 1 - Rexatomiitin keksijä;Suomi, Science fiction, Erkki Savolainen;
Portti;2;;;1988;Kuitunen, Kalevi;Suomen varhaiset tieteiskirjailijat pelkäsivät naisten ylivaltaa;Suomi, Science fiction;
Portti;1;;;1994;Salin, Petri;Tuomiorovasti Swift ja kirjojen kirja;;Swift, Jonathan
Portti;1;;;2012;Bengtsson, Niklas;Uuskummaa ja scifiä kuvakirjoissa - Shaun Tanin palkittu maailma;;Tan, Shaun
Portti;1;;;1991;Salin, Petri;Clockwork Orange Teatteri Pienessa Suomessa;Teatteri, Näytelmät;
Portti;4;;;1994;Salin, Petri;Perille asti, puutarhan perille;Teatteri, Näytelmät;
Portti;2;;;1996;Salin, Petri;Carterin ilmestys;Televisio, Millennium;
Portti;2;;;2010;Koistinen, aino-Kaisa;Koneen ja ihmisen rajamailla - Battlestar Galactica ja sukupuolitetut koneihmiset;Televisio, TV;
Portti;1;;;1996;Saransaari, Pirjo;Salaiset kansiot, The X-Files-filmografia;Televisio, TV;
Portti;1;;;2005;Toivola, Lea;Teräsmiehen teinivuodet - Tv-sarja Smallville;Televisio, TV;
Portti;1;;;1996;Salin, Petri;X - Täällä jo?;Televisio, TV, X-Files;
Portti;4;;;1995;Enqvist, Kari;Antimaterian syvin olemus;Tiede;
Portti;3;;;1995;Enqvist, Kari;Atomit vailla identiteettiä;Tiede;
Portti;4;;;1994;Enqvist, Kari;Kidnappauksia ja leikkuupuimureita;Tiede;
Portti;1;;;1997;Enqvist, Kari;Kohti kvanttilaaksoa;Tiede;
Portti;1;;;1999;Enqvist, Kari;Kosminen kellari tyhjenee?;Tiede;
Portti;4;;;1999;Enqvist, Kari;Kosmista hakuammuntaa;Tiede;
Portti;2;;;1997;Enqvist, Kari;Kosmoksessa kaikui ja soi;Tiede;
Portti;1;;;1998;Enqvist, Kari;Kuolemattomuuden jäljillä;Tiede;
Portti;3;;;1996;Enqvist, Kari;Maapallon serkut;Tiede;
Portti;2;;;1995;Enqvist, Kari;Neutriinoiden näkymätön valo;Tiede;
Portti;1;;;1995;Enqvist, Kari;Onko konehuoneessa ketään?;Tiede;
Portti;4;;;1997;Enqvist, Kari;Poincaré ja aurinkokunnan tulevaisuus;Tiede;
Portti;3;;;1994;Enqvist, Kari;Ruskeiden kääpiöiden yö;Tiede;
Portti;1;;;1996;Enqvist, Kari;Sata vuotta radioaktiivisuutta;Tiede;
Portti;2;;;1998;Enqvist, Kari;Siirretään ainetta;Tiede;
Portti;3;;;1987;Rantalaiho, Liisa;James J. Tiptree, jr.;;Tiptree, James, jr.
Portti;1;;;1982;Peltonen, Leena;J.R.R. Tolkien ja fantasiakirjallisuus;Fantasia;Tolkien, J.R.R.
Portti;1;;;2016;Korpua, Jyrki;Portti Tolkienin maailmaan - Kuinka J.R.R. Tokien rakensi fantasiateoksensa?;Fantasia;Tolkien, J.R.R.
Portti;1;;;2015;Soikkeli, M.G.;Taru sormusten herrasta modernina romaanina;Fantasia;Tolkien, J.R.R.
Portti;4;;;2012;Korpua, Jyrki;Tutut vieraat hobitit - Kotouttavia ja vieraaksi tekeviä elementtejä J.R.R. Tolkienin Hobitissa ja Tarussa Sormusten Herrasta;Fantasia;Tolkien, J.R.R.
Portti;1;;;2006;Hurtta, Boris;Kaapparin lokikirjasta: Heikki Toppila - Lakeuden lukko;;Toppila, Heikki
Portti;2;;;2002;Widenius, Erkki;Ammattina tieteiskirjailija;;Trout, Kilgore
Portti;4;;;1985;Manninen, Pekka A.;Elämä kummitusten kanssa;;Tutuola, Amos
Portti;2;;;1982;Mälkiä, Matti;Moderni länsimainen utopiakirjallisuus;Utopia;
Portti;4;;;1989;Kuitunen, Kalevi;Utopiaromaanit suuresta Suomesta;Utopia, Suomi;
Portti;4;;;1983;Iivonen, Jyrki;Utopiat venäjänkielisessä kirjallisuudessa;Utopia, Venäjä;
Portti;2;;;2007;Erkki, Harri;Jyrki Vainonen ja tutkimusmatkailua alitajuntaan;;Vainonen, Jyrki
Portti;3;;;2001;Soikkeli, M.G.;Hirviö ilman kulmahampaita - Elisabeth Bathoryn myytti töydentää vampyrologiaa;Vampyyrit, Kauhu;
Portti;1;;;2014;Blom, Minja;Rakkaus ihmisyyden ilmentäjänä television vampyyrisarjoissa;Vampyyrit, Kauhu, Televisio, TV;
Portti;1;;;1993;Nikkonen, Raimo;Vampyyrielokuvia 1896 - 1992;Vampyyrit, Kauhu, Elokuvat;
Portti;1;;;2004;Räty, Ismo;Vampyyrit dvd-elokuvissa;Vampyyrit, Kauhu, Elokuvat;
Portti;1;;;1993;Alanen, Asko;Vampyyrit - elokuvakauhun kukistamattomat ruhtinaat;Vampyyrit, Kauhu, Elokuvat;
Portti;4;;;1998;Tuhkanen, Juho-Antti;Ei niin yleistä, etteikö paikallista;;Vance, Jack
Portti;3;;;2009;Loponen, Mika;Jack Vance, post-pulpin isä;;Vance, Jack
Portti;4;;;1998;Sadelehto, Markku;Jack Vance suomeksi;;Vance, Jack
Portti;4;;;1998;Sadelehto, Markku;Seitsemän tarinaa;;Vance, Jack
Portti;3;;;2005;Widenius, Erkki;Jules Verne ja meri;;Verne, Jules (Gabriel)
Portti;1;;;2008;Leikomaa, Marianne;Charles Vess - fantasiamaailmojen tulkki;Taide, Kuvitus, Charles Vess;
Portti;2;;;2004;Soikkeli, M.G.;Virossa scifi on ulme;Science fiction, Viro;
Portti;4;;;1998;Leikola, Anto;Paroni von Münchhausen, tarinaniskijäin kuningas;;von Münchhausen, paroni
Portti;1;;;1982;Hakala, Juha;Tekniikan maailma;;Vonnegut, Kurt
Portti;2;;;1994;Salin, Petri;Kadonnutta keskiaikaa etsimässä;;Walpole, Horace
Portti;3;;;2008;Bengtsson, Niklas;Unohdettua uskoa ja ihmettä? Mika Waltarin satuvalot;;Waltari, Mika Toimi
Portti;1;;;2015;Iivonen, Jyrki;Herbert Dickkinson Ward - 1800-luvun Ian Fleming ja Tom Clancy;;Ward, Herbert Dickinson
Portti;4;;;1992;Rosvall, Matti;Jo on mies tekosensa tehnyt...;;Watson, Ian
Portti;4;;;2012;Iivonen, Jyrki;Stanley G. Weinbaum;;Weinbaum, Stanley G.
Portti;1;;;2017;Iivonen, Jyrki;H.G. Wells - Yksi modernin science fictionin perustajaisistä;;Wells, H(erbert) G(eorge)
Portti;1;;;2017;Widenius, Erkki;H.G. Wells ja naiset;;Wells, H(erbert) G(eorge)
Portti;3;;;2018;Iivonen, Jyrki;G. Peyton Wertenbaker - teinipoika tieteiskirjailijana;;Wertenbaker, G. Peyton
Portti;4;;;2002;Murtosaari, Jukka;Michael Whelan;Taide, Kuvitus, Michael Whelan;
Portti;3;;;2017;Iivonen, Jyrki;E.L. White - Edgar Allan Poen baltimorelainen seuraaja;;White, Edward Lucas
Portti;3;;;2019;Iivonen, Jyrki;Oscar Wilde - Irlannin monipuolinen lahja maailmankirjallisuudelle;;Wilde, Oscar
Portti;4;;;2007;Erkki, Harri;Colin Wilson ja sivullisen ongelma;;Wilson, Colin
Portti;4;;;2018;Iivonen, Jyrki;Jevgeni Zamjatin - Ikuisesti tyytymätön vallankumouksellinen;;Zamjatin, Jevgeni
Portti;3;;;1982;Peltonen, Leena;Amberin varjot;;Zelazny, Roger
Portti;3;;;1982;Nikkonen, Raimo;Roger Zelazny - Lord of Science Fiction;;Zelazny, Roger
Portti;3;;;2002;Roimola, Ben;In Memoriam;;Ölander, Tom
Portti;1;;;2020;Soikkeli, M.G.;Avaruusoopperan historia on sivilisaatioiden seikkailua;Science fiction, Avaruusooppera;
Portti;1;;;2020;Jalava, Markku;Lovecraft Suomessa;;Lovecraft, H(oward) P(hillips)
Portti;1;;;2020;Iivonen, Jyrki;J.-H. Rosny aîné - ranskalaisen tieteiskirjallisuuden keskeisiä klassikkokirjailijoita;;Rosny, J.-H. aîné
Portti;2;;;2020;Koponen, Jari;Sanasota tieteiskirjallisuudesta;Suomi, Science fiction;
Portti;2;;;2020;Widenius, Erkki;Teologin tähtitaivas;Sekalaista, Emanuel Swedenborg;
Portti;2;;;2020;Iivonen, Jyrki;Kapteeni S.P. Meek - upseeri ja tieteiskirjailija;;Meek, Kapteeni S.P.
